Frame,Time,RightHand_Accel_X,RightHand_Accel_Y,RightHand_Accel_Z,LeftHand_Accel_X,LeftHand_Accel_Y,LeftHand_Accel_Z,Label
1.0,0.016667,-10.009093248340806,-6.155148267252668,-4.327955166211728,-6.372901430174682,4.711212729063115,-5.67258832269726,0
2.0,0.033334,-8.869057104123991,-4.672873176105975,-3.412256822167574,-8.19249863783809,2.7493496945212765,-3.4684195152212665,0
3.0,0.050001,-8.131827042636925,-2.463515159276274,-2.646466724296011,-10.440334007906191,0.0646144051374771,-1.453682198017359,0
4.0,0.066668,-7.847313289955137,-0.0760973952479265,-2.2537482763068604,-12.850537466686594,-2.834004917091341,-0.6890205149307085,0
5.0,0.083335,-7.423306746109837,1.7398578019095206,-2.0699456309452198,-14.801058883949052,-5.251185868632995,-1.6088788391342912,0
6.0,0.100002,-6.176763127321493,2.528727687412012,-1.7057850834028283,-15.074638550823696,-6.5399308717081,-3.4495654330805974,0
7.0,0.116669,-3.955949904289676,2.36611795312343,-0.8540403693060689,-12.573690573306608,-6.282562430687677,-4.558215116603309,0
8.0,0.133336,-1.2390603930083877,1.728474047815948,0.5148843606433107,-7.63484613683742,-4.385943097751643,-3.7334866621051823,0
9.0,0.150003,1.4127068594035428,1.1927302875667634,2.12946916267144,-2.4393735949106587,-1.29786105274048,-1.3719049843696605,0
10.0,0.16667,3.909441585973645,1.103755066876961,3.531208160345814,0.3916397282076937,1.854506052895554,0.9426291975935714,0
11.0,0.183337,6.420270369458202,1.370836013440304,4.272721279965433,-0.1522960356222302,3.875286013319388,1.9684350653741556,0
12.0,0.200004,8.631741469747691,1.6424201911845635,4.102465677600983,-2.8643343193551827,4.595845512146281,1.7047559120536504,0
13.0,0.216671,9.642324769708706,1.7315342691220392,3.090252322467898,-5.576360528563984,4.979018838803106,0.9286687201362068,0
14.0,0.233338,8.890102477077589,1.7441203420619211,1.6808206043404166,-6.74420502766475,5.813072710613657,0.3017800428177828,0
15.0,0.250005,6.923421041983632,1.7934445280499511,0.544358254570092,-6.069629512951794,6.632617195624517,0.082396957231187,0
16.0,0.266672,4.890776702071095,1.85064231061609,0.1832498102727202,-4.225549414779415,6.219283845337968,0.3520469730032259,0
17.0,0.283339,3.415760267998362,1.945210687190704,0.5774068652431601,-2.1172995111815904,3.994308079590163,0.979045365530424,0
18.0,0.300006,2.37039852170245,2.178834254040652,1.1539599153407056,-0.0233533989993,0.7742935139184886,1.2378446887615704,0
19.0,0.316673,1.695089051239558,2.3145342109831093,1.1113397556828395,2.517146522825864,-1.80263078411754,0.0685074593369221,0
20.0,0.33334,1.8910292985553887,1.6551839827038444,-0.0269889406710246,5.540251149585329,-2.63756482010755,-2.669943033866784,0
21.0,0.350007,3.3649590951096444,-0.2271149181883307,-1.9786268460447984,7.712767016862774,-2.037193662188137,-5.505317895177691,0
22.0,0.366674,5.536990314520512,-2.687331436450127,-3.9019863521393647,7.53055785888967,-1.2097651041635389,-6.61736083452245,0
23.0,0.383341,6.990390626946231,-4.326877381467749,-5.188796814094536,5.482503165484995,-0.9223176181649902,-5.685790405998146,0
24.0,0.400008,6.597070645630237,-4.233389486600496,-5.937176272375334,4.002335525572867,-0.7694026951812365,-3.915125256517928,0
25.0,0.416675,4.453620304554049,-2.735663978214097,-6.497394431273136,4.894998139984196,0.1885682646930884,-2.449468323599785,0
26.0,0.433342,1.7696193375585347,-0.934409888236341,-6.821102406590631,7.477972666549999,2.187358949375074,-1.4196771878193806,0
27.0,0.450009,-0.1093040495101884,0.3051994732176498,-6.590421041613805,9.61508189714003,4.297222742205191,-0.4343855454123195,0
28.0,0.466676,-0.63348269554281,0.8217365281675466,-5.810434567778811,10.026585891459645,5.163885085396986,0.6601997038278339,0
29.0,0.483343,-0.1944150143342586,0.854847263484986,-4.912541756204883,9.154611320610842,4.157866197215457,1.6618823962554634,0
30.0,0.5000100000000001,0.4308703745178766,0.6111645621214722,-4.341531016815051,8.242571653911051,1.9373601500125488,2.2718059383668394,0
31.0,0.516677,0.7094903591088109,0.1930667360195741,-4.287680166640533,8.173962195515692,-0.0007959207557232,2.300482423776677,0
32.0,0.533344,0.5730391120873948,-0.2992391701304966,-4.721139724661367,8.972841871459732,-0.4712803874332743,1.7815884375053437,0
33.0,0.550011,0.1622108745323014,-0.7766162694245835,-5.41535565600859,9.882662654250217,0.510673769706761,0.9911295107394852,0
34.0,0.566678,-0.5578903045723467,-1.1502745282776612,-5.894481158042876,9.955984252562445,1.941721421150362,0.2969729688065816,0
35.0,0.583345,-1.7756763193535567,-1.1947929554169183,-5.537077596162932,8.847740031316404,2.8551769484040097,-0.0930212023935109,0
36.0,0.600012,-3.346067679427144,-0.6289169263931855,-3.956466596815916,7.023957454101381,3.034225950572245,-0.2729029381570728,0
37.0,0.6166790000000001,-4.585438681656231,0.4001466325084695,-1.424182955366258,5.201489403583096,2.814055042589808,-0.5270544331613395,0
38.0,0.6333460000000001,-4.883872148435415,1.058851142787614,1.1111304059017582,3.777212441246586,2.490199382261517,-1.0554762377698357,0
39.0,0.6500130000000001,-4.432805036159583,0.4691712300716033,2.5640183200472526,2.7831968460275256,2.1206125160218026,-1.8114651006389515,0
40.0,0.66668,-4.064708815838312,-1.2916103628653135,2.3828945227723177,2.124407488839869,1.7367933696150972,-2.593551692917475,0
41.0,0.683347,-4.407396336721966,-3.1094293423738173,0.829695444400228,1.7001494473565133,1.4177648624132928,-3.197305716967981,0
42.0,0.700014,-5.395439936882064,-3.865478540835428,-1.1984716388994778,1.3697238863708117,1.1292819509202188,-3.455893973440584,0
43.0,0.716681,-6.54051872179911,-3.3809718054739166,-2.605271096026524,0.9544942533702442,0.7524707525145533,-3.316843556207368,0
44.0,0.7333480000000001,-7.420945941603817,-2.3436972833112577,-2.6716651633114763,0.3681600901552629,0.341466607710297,-2.9931013729291047,0
45.0,0.7500150000000001,-7.942580287836607,-1.5405189919812172,-1.6007178911386355,-0.2532718479863906,0.1460314895057609,-2.8610026931491,0
46.0,0.7666820000000001,-8.419460430530458,-1.210934706881138,-0.5718038686435605,-0.6004472435217479,0.3100115342167566,-3.0510543965615584,0
47.0,0.7833490000000001,-9.252328679160122,-0.9710758287513328,-0.888217520638616,-0.4232525291895795,0.7129793378926434,-3.292325837317144,0
48.0,0.8000160000000001,-9.966046160987432,-0.3246727707108301,-2.6203727703319046,0.2096075745611014,1.1437272110485508,-3.336005271703661,0
49.0,0.816683,-8.775144683823555,0.6332543972897504,-4.124213823221295,0.8135346612288585,1.446567811119308,-3.3632584840569977,0
50.0,0.83335,-4.256303301124047,1.0339691312848365,-3.406845579079453,0.7046764350380865,1.4530777281001237,-3.692226959122919,0
51.0,0.850017,2.168550122410748,-0.0702165088742119,-0.2461032715074195,-0.5189056393913766,0.9843310819537724,-4.159584373949837,0
52.0,0.866684,6.572462059581779,-2.675900103479509,3.3551487730921874,-2.6075679033637256,0.0665829618673806,-4.130895638397534,0
53.0,0.8833510000000001,6.286022741997579,-5.488297691864994,5.109693621741341,-4.780101079410054,-0.9756202856374216,-3.222323499088078,0
54.0,0.9000180000000001,2.66423213049056,-6.783893751697187,4.504853537743983,-6.245112679988752,-1.7810222126861144,-1.8103287237018335,0
55.0,0.916685,-0.780976454388298,-5.777894572159051,2.601539866919299,-6.6801986415678165,-2.237790703391438,-0.7174014603778105,0
56.0,0.933352,-2.2644053193407383,-3.1624348008421035,0.4055238112096166,-6.336349630829608,-2.415532162116925,-0.4725637334459884,0
57.0,0.950019,-2.494761393419795,-0.3683414679637584,-1.6860002613552645,-5.709290823416566,-2.328924946944225,-0.8811500312672946,0
58.0,0.966686,-2.23157756804166,1.5711729048321514,-3.169129989918795,-5.00834264647712,-1.9317429335126768,-1.236059654960965,0
59.0,0.983353,-1.002732998616424,2.5325017983317943,-3.349350741108039,-3.979932878297715,-1.2649125561180166,-1.0019985211180589,0
60.0,1.00002,1.4417624657786865,3.008650908698649,-2.238631006375873,-2.439291591670894,-0.4325138516560859,-0.4181152756172561,0
61.0,1.016687,4.00986292808248,3.465964928693846,-0.7511175578171432,-0.910252600200984,0.4902049647237917,-0.4051389638125633,0
62.0,1.033354,5.529632680296055,3.8858761321724486,0.3494195069570593,-0.3686472948395272,1.3271353883033183,-1.7028171718869165,0
63.0,1.050021,6.286579850217681,3.863869667756026,1.2133181842066172,-1.165050077181768,1.6727795599083126,-3.946721749495983,0
64.0,1.066688,7.418716089865176,3.2129521962448937,2.357922019091629,-2.3915772907718744,1.1779530419795723,-5.662305616217236,0
65.0,1.083355,9.158553637525316,2.421557823010784,3.7529107170051903,-2.574885752847048,0.0352997126515889,-5.44849211800741,0
66.0,1.100022,10.428141460371576,2.321396131388852,4.822002690907503,-1.12125451203118,-0.9842836055849185,-3.3303884149012086,0
67.0,1.116689,10.178024748384818,3.2506086895251927,5.222062960675827,0.9738297629006236,-1.1144022610616076,-0.7987046758709456,0
68.0,1.133356,8.618912199509715,4.716633348634328,5.250791038928391,2.022828810483865,-0.2417654646832114,0.5790900831819519,0
69.0,1.150023,6.947146898414484,5.945789547954427,5.391818426596109,1.279134878751217,1.02156278384246,0.3846231622818226,0
70.0,1.16669,6.1433073281868005,6.557337657411948,5.765133698206133,-0.4015571925679524,1.95975963020653,-0.8050249596912341,0
71.0,1.183357,6.29545187198115,6.530471079431552,6.282233486791121,-1.3620470604917116,2.50715473289514,-2.315107064602369,0
72.0,1.200024,6.986291134733593,5.711994113336447,7.115557464030241,-0.4337168132939668,3.250990188578164,-3.794993306721639,0
73.0,1.2166910000000002,7.9532879315632,3.852677837436564,8.569277461425104,2.2756813974803176,4.499152744444384,-5.053202660121709,0
74.0,1.2333580000000002,9.057174321030248,1.411552696214391,10.456243207828564,5.505511989439343,5.630930077978485,-5.9989166966940655,0
75.0,1.2500250000000002,9.761803121750525,-0.0197989971971441,12.013365497685212,7.832212836312625,5.946740464361542,-6.905379483674294,0
76.0,1.2666920000000002,9.37175049614773,1.3472779742288996,12.799581313366524,8.76745759320364,6.106764338667325,-8.417793244933192,0
77.0,1.283359,8.481901323224701,6.1694528227245,13.804999449823365,8.967024642456797,8.139038980821757,-10.925525435952668,0
78.0,1.300026,10.104641075201853,14.03531287167252,17.512051567988017,9.60751644493162,14.054297383688676,-14.062130821107289,0
79.0,1.316693,18.47596319958149,24.867415053837213,26.34186355608515,11.86401454220736,25.038395649179108,-17.390235194059763,0
80.0,1.33336,35.7706067739054,39.83605040487146,40.74182521059089,16.885683927216824,41.77386203777424,-21.80347571034701,0
81.0,1.350027,59.91812553891775,60.6899425295364,59.31961918625269,25.956985038981536,64.49038541261662,-29.73574457921578,0
82.0,1.366694,86.48365414895679,88.12528301718186,81.08546782227157,40.60376654745191,92.44039278629758,-43.13717144711119,0
83.0,1.383361,112.93052384550424,120.5309805612778,106.3679995395375,62.397864537266805,124.18463194380126,-60.56490901490359,0
84.0,1.400028,139.83092933544594,154.1381887406862,134.43457787084338,91.97698003709532,158.53044093440334,-76.1637698918762,0
85.0,1.416695,167.0338866880785,184.49713049347517,161.0526897411741,127.82391419568675,194.0776128095628,-82.6803917187266,0
86.0,1.433362,190.33840421265637,208.13179052186305,180.1148388227862,166.7751287851335,227.6360598721581,-77.63802337039081,0
87.0,1.450029,204.5500375683226,223.5920514175789,188.46266254065264,206.37762790752743,254.55698979666948,-67.46728261019746,0
88.0,1.4666960000000002,209.34176229782992,232.03570354161243,188.91375711065197,245.428453993702,271.6720562973001,-63.936772355704136,0
89.0,1.4833630000000002,208.8274102272725,236.922132096796,187.7223144793085,280.5556744525853,279.6782185139244,-74.5557463760795,0
90.0,1.5000300000000002,204.51702820748253,241.9799081940128,188.33284817682727,303.3852803213608,282.5235108241368,-96.4259088505845,0
91.0,1.5166970000000002,191.8851398602206,248.65353611827857,188.0115586381527,303.91044648160005,284.695262639649,-119.70544229667053,0
92.0,1.5333640000000002,165.6714800160109,255.60813867808295,181.1543548015588,277.6013879197362,288.5514279808982,-135.90350719413593,0
93.0,1.5500310000000002,126.22401341723986,260.6213457592319,165.20880944259991,228.14844974121556,293.1338077049453,-142.4711395471069,0
94.0,1.566698,79.02422273183726,262.84317079057723,142.83803958694375,163.27541182273973,295.15476677973567,-141.37701053562245,0
95.0,1.583365,29.99825659435547,263.5545870194826,119.3208840848228,89.71872476365853,291.5752331518746,-135.3733017741111,0
96.0,1.600032,-17.139746889037554,264.6451427189608,98.73736680306055,12.941010105560938,281.5247896612563,-126.18251109771074,0
97.0,1.616699,-60.79513780178349,265.87656639380094,81.92327314177163,-60.61632419756992,265.7617255929219,-115.7535399861902,0
98.0,1.633366,-100.9650554238143,263.6697387495246,66.93886251397929,-123.93343280827622,244.66832710291288,-107.75421897648218,0
99.0,1.650033,-138.11086267897318,252.78310554654507,51.53096514754709,-172.63511102120145,217.30954877754544,-105.85087203178088,0
100.0,1.6667,-171.0051677974911,229.25508513597555,35.628284294692385,-206.77182212980088,182.3668190006765,-109.9426410583732,0
101.0,1.683367,-196.331572915936,192.28358783457315,20.977466438979008,-229.0274384191412,139.4972668642828,-114.91761863469804,0
102.0,1.700034,-211.82405900788245,144.34785289634456,8.048565601953543,-241.84239802932973,89.8771243271433,-113.27128798583786,0
103.0,1.716701,-219.2017495561528,90.26135543649772,-5.363824147872733,-246.5152010060459,36.18501727085011,-98.74740388284783,0
104.0,1.733368,-222.39248434061903,35.81332602689721,-21.634634820065862,-244.0860851608898,-17.56551903776396,-69.04638919144018,0
105.0,1.7500350000000002,-222.60500711044904,-13.78441645978029,-40.96837939803128,-235.81316367931964,-66.56585084380026,-27.33385138596152,0
106.0,1.7667020000000002,-215.5571907059552,-55.22678715702632,-62.80262464604933,-222.3081665041242,-106.3241281446359,19.16711648739265,0
107.0,1.7833690000000002,-193.9027978388083,-87.42577074750781,-87.98521857976249,-202.4461521078628,-134.15579504750886,64.22747109734689,0
108.0,1.8000360000000002,-154.55972936892957,-110.5100332971384,-117.29612297722258,-173.82503605988944,-150.18903429659974,106.35017781765184,0
109.0,1.816703,-106.09728991132415,-124.57361681210443,-147.80533680651706,-135.59696194836542,-156.84964357198777,145.85244952609474,0
110.0,1.83337,-66.18897146815863,-129.73528349007387,-172.94859741397872,-91.99090041154228,-157.27980338394866,179.1961242192245,0
111.0,1.850037,-46.03647054922861,-127.31756180729316,-188.12262011770883,-52.35263191271669,-154.49316782136796,199.8728205548027,0
112.0,1.866704,-38.05981869317826,-120.1564034804758,-195.38406450935747,-25.02080674427969,-151.79345390463095,206.4453910945516,0
113.0,1.883371,-24.55338269971262,-111.67865890370692,-200.9070561560942,-9.158754979290226,-152.61444624033106,207.1498304080045,0
114.0,1.900038,2.802048547236316,-105.67486905068492,-208.94635731236733,6.118493282066735,-158.47532350648714,213.75054446389584,0
115.0,1.916705,37.695339039016645,-106.58277499165636,-220.2418105665944,32.118005168842906,-167.1525109473436,231.36300535579213,0
116.0,1.933372,70.80612757465347,-117.45041001692144,-234.300122831416,70.27601076257764,-174.11562456712244,255.7369382455244,0
117.0,1.950039,99.2663131937134,-136.1687117408121,-249.827925418247,112.34917451275167,-176.24535874130777,279.0431978061939,0
118.0,1.966706,124.94760108038784,-155.16304831077397,-264.0027589416851,148.8402806518749,-173.38370842555918,296.0032600712467,0
119.0,1.983373,149.71828984195668,-166.54010684790822,-274.5888489924667,175.1826392863387,-166.08212396920294,305.6379276948479,0
120.0,2.0000400000000003,174.13537268160297,-167.3875676041019,-282.73651309068725,191.4077736009368,-153.1098648343941,310.5592436690071,0
121.0,2.016707,197.0922233893416,-159.66806704443962,-292.1343147737729,199.0299190307806,-132.28962703516237,315.5004128160829,0
122.0,2.033374,214.59771216221404,-146.3646043162901,-305.8550549207222,199.29766333894395,-103.6557236434526,324.4871035392432,0
123.0,2.050041,220.76556354745856,-129.2653884323452,-324.23039603975053,193.34627340463132,-71.08419365030697,338.0692160181894,0
124.0,2.066708,212.35769732752252,-109.58284260831635,-344.08804854179755,182.67658246351107,-40.376750280781245,353.9197000280837,0
125.0,2.083375,192.3679581315824,-88.56204241073621,-359.9528648511296,168.9921316801616,-15.701664588500146,370.424885766271,0
126.0,2.100042,167.9790174099801,-67.04272526758282,-368.7036565760628,153.79249563865994,2.101791970417232,388.7708173042668,0
127.0,2.116709,145.16242424802428,-45.60563975598621,-374.2722404354563,138.2827319654583,13.942585525028024,411.3762750416393,0
128.0,2.133376,126.07605080147768,-25.553794924312243,-385.7610698770328,123.06634386754808,19.72223783182527,439.34694592415,0
129.0,2.150043,110.466749792026,-8.926675619277361,-409.4829137258481,106.61215486027868,17.766071720322245,471.6542399383747,0
130.0,2.16671,97.0029342994428,2.8580472789375357,-443.7241336767262,83.53346840042755,6.730145512082578,505.8941500967316,0
131.0,2.183377,83.08337472425724,9.837965308764916,-482.1394594825492,46.41754592247819,-13.404256030799282,540.0485363015072,0
132.0,2.200044,65.73230528634076,12.7082365339255,-522.1691167707925,-7.914723554563748,-42.64853076888794,575.1658559022302,0
133.0,2.216711,43.799962205977735,11.437316651419245,-570.4653358245628,-74.06831693380683,-81.21354142095302,617.623184492303,0
134.0,2.233378,18.06813738942102,4.061769312549746,-640.2325004272898,-141.52166877631709,-127.01473404144556,678.3766967475301,0
135.0,2.250045,-12.23010476564853,-14.524372702102657,-740.6965707646339,-202.27884669453263,-175.00932377353186,766.4410236375471,0
136.0,2.266712,-53.25572003431533,-52.25131222576263,-862.0765134256096,-255.51491814032477,-221.59740206491784,874.8472609216451,0
137.0,2.283379,-115.69068794974898,-115.33521717207586,-959.0710202234452,-307.0618527041039,-269.0720087093798,960.812686347964,0
138.0,2.300046,-208.0092602367957,-200.28839059375576,-937.9071914456904,-362.9531437116664,-322.6399347019587,928.5142032999772,0
139.0,2.316713,-329.1199076631024,-287.4709335513246,-664.465637909914,-414.6914971031828,-379.7890258544506,634.8696026091014,0
140.0,2.33338,-464.3634317274168,-342.89266510787206,-26.0001235165912,-424.4936027591243,-420.98413438864895,-47.2859038723002,0
141.0,2.350047,-582.8979887480314,-334.7920821783887,946.2359052650316,-336.6687362953307,-415.0751009871001,-1097.6220238426445,0
142.0,2.366714,-639.334433673034,-260.5963188836795,1982.5230449745247,-128.93816939893907,-343.54719886852683,-2237.9556037237226,0
143.0,2.383381,-590.8768565557209,-158.09913310932893,2662.9869761632226,137.39034026032758,-223.10556148779904,-3011.810472047163,0
144.0,2.400048,-428.1618639442749,-78.87071625371686,2701.783528929749,338.21333098472275,-97.32429272223617,-3084.006467956531,0
145.0,2.4167150000000004,-193.3874714120335,-48.09638256339101,2176.8316957268826,380.4080686855375,-4.075333673209414,-2503.310305886636,0
146.0,2.4333820000000004,37.468494196151326,-56.9027593625939,1449.9821896651663,274.8160490041565,40.99901911393127,-1642.9490919073685,0
147.0,2.4500490000000004,197.71154267539976,-86.68162222160706,863.998383651068,112.01652956870592,34.928708490157106,-889.6956416773737,0
148.0,2.4667160000000004,262.8578378212278,-125.5808371627324,537.0263219342769,-20.97208920571377,-16.415239074271362,-416.5124852862842,0
149.0,2.4833830000000003,249.3760798180005,-165.250977147848,400.8874952137433,-92.66851477139568,-88.16892678411848,-199.2650236939785,0
150.0,2.5000500000000003,188.92430450773105,-198.6609118140579,347.86977710322515,-117.96675336324762,-141.61675723814136,-144.3063251488402,0
151.0,2.5167170000000003,106.89979088856684,-225.21778445274208,316.9621386086241,-124.68393492624271,-151.67811544579664,-167.97212488030289,0
152.0,2.5333840000000003,19.76436449460746,-250.89484863959007,291.40990843845395,-132.0010886726731,-126.48225243288232,-211.40804918107287,0
153.0,2.5500510000000003,-59.1379239546763,-281.31701773340814,266.281897691568,-145.59564717358396,-98.5636228861666,-237.74863828894547,0
154.0,2.5667180000000003,-119.00813506067811,-316.6475830837855,231.2566232169589,-161.22310834322724,-99.33251743550464,-231.29658584932636,0
155.0,2.5833850000000003,-155.7206803104416,-351.7598940548926,174.84162779920842,-171.7133583825397,-138.77614472394353,-194.63310365148288,0
156.0,2.6000520000000003,-172.56247561289433,-379.6150777808677,95.72141711135684,-173.57723139841988,-202.3336796901885,-141.0956259823769,0
157.0,2.616719,-175.74022661745823,-396.0516367804627,6.460893219824444,-168.84892131630824,-263.8863827343592,-85.60814719023061,0
158.0,2.633386,-169.86503827621436,-402.9436471352863,-74.4488404092253,-162.0093680886013,-303.637974397612,-37.51466889219434,0
159.0,2.650053,-157.37657752801087,-406.4844021541784,-135.0869324555826,-157.02776897974786,-317.5913859651346,3.192601870084303,0
160.0,2.66672,-140.44917118621308,-412.6309020375817,-176.81473261161315,-157.19813010960257,-314.05483570437207,44.97434550670636,0
161.0,2.683387,-122.2526928502616,-424.7955374883928,-210.9310536653508,-164.61584113950116,-304.00731628964814,97.64274704423296,0
162.0,2.700054,-107.4304447174348,-443.9991581091522,-249.07917172957525,-177.6830769008252,-294.8481591808687,162.95769175206206,0
163.0,2.716721,-102.4462587103987,-468.3274960966856,-294.55302981838787,-190.5256387252361,-289.8990849705375,232.26887905289647,0
164.0,2.733388,-112.91885093774653,-492.7187735266463,-340.55088226386954,-196.4860673939233,-289.90836888396285,294.6179234233643,0
165.0,2.750055,-136.64323931795985,-511.4214070359628,-376.4645444439943,-191.80187621860404,-294.5660412986236,346.1004526340163,0
166.0,2.766722,-160.9174288262623,-520.3047656315921,-396.3199138921256,-176.20432823999772,-304.66886395583987,389.7808398711789,0
167.0,2.783389,-173.09170666457655,-516.7112290241105,-402.3779347846711,-152.30212678578638,-323.1260051420794,428.313718799108,0
168.0,2.800056,-174.5618705824972,-499.9904928929522,-403.4765330848125,-125.92612848696808,-352.1621215789537,460.2303280579313,0
169.0,2.816723,-178.78479082395475,-472.6296167829612,-411.2010835394924,-106.26123314703244,-388.8541690083082,483.48066560399786,0
170.0,2.83339,-195.10188686861568,-436.33990457195193,-434.1690302802367,-103.73910659848244,-423.9098452202474,499.3752341341944,0
171.0,2.850057,-220.6034306953084,-384.3340783379358,-472.0894631842612,-125.707841148305,-444.6843660114415,511.4894039108658,0
172.0,2.866724,-247.8865798965199,-299.8208608183396,-515.9882318626608,-172.28775625053922,-438.5619490447796,521.3671997210033,0
173.0,2.883391,-272.96511328031454,-165.31001401605562,-555.9438563649529,-235.2044524093555,-393.4653866256781,525.2345164681793,0
174.0,2.900058,-292.50914444479406,24.13557386120316,-587.1431004043336,-300.1775139162317,-297.77540692433195,514.8109661014901,0
175.0,2.916725,-298.77912226087045,253.46694353958569,-607.3946913621324,-351.5163385219133,-144.5802072180176,483.1023277685976,0
176.0,2.9333920000000004,-282.0601587866101,490.8636371813558,-611.9291072352197,-377.3415706702304,60.472576110096185,431.50812553188,0
177.0,2.9500590000000004,-237.0602635579415,699.6504826622102,-593.5098089006099,-373.2014453350442,294.781773328258,372.0235272889033,0
178.0,2.9667260000000004,-164.79100082711193,851.4804861295039,-545.8754209877583,-341.66032630354675,522.702679614059,320.99922963513194,0
179.0,2.9833930000000004,-70.31998223490666,933.506186284133,-465.2229162351581,-288.2908113095375,706.4354330254673,286.00030713780507,0
180.0,3.0000600000000004,36.90274771916565,948.0300837197832,-351.48667330746827,-217.5792361695099,819.2220714515122,255.03369222748572,0
181.0,3.0167270000000004,141.52649382369978,907.756642054575,-211.8997255179097,-131.970282453511,854.2520952591212,202.5149117584809,0
182.0,3.0333940000000004,228.66601253958555,830.0880691078864,-61.6408606983977,-34.13921637168359,824.1850874247566,112.46539878524732,0
183.0,3.0500610000000004,295.27476526497804,732.2769337071315,82.47834661895993,70.83958705231805,753.2031543731175,-4.189626894665572,0
184.0,3.0667280000000003,350.0070015796347,627.8793776002342,208.81785961300443,176.4678886210636,667.1756712717123,-117.52294806008614,0
185.0,3.0833950000000003,399.0788972705191,524.8443969774656,311.3241826768534,277.68356874422057,584.7099792397496,-201.0147796377736,0
186.0,3.1000620000000003,438.1712126889695,426.3015875013806,387.8965302217726,371.9653662925703,511.51745804614063,-245.4029051942508,0
187.0,3.1167290000000003,461.4605739103576,334.04486421695583,442.4966885891805,457.53423845736097,442.24657876029977,-257.368594224429,0
188.0,3.1333960000000003,471.6555340865717,251.61932172464776,485.21240005056166,530.9887351541797,369.2563536697749,-251.35593143174628,0
189.0,3.1500630000000003,475.33084105712567,183.77097755911237,523.5800429590738,587.2382288018254,290.8839620650993,-241.60452075713204,0
190.0,3.1667300000000003,473.18477661109193,133.51232852430664,553.2388442554785,621.9716645038764,212.86428603786368,-236.2968755557652,0
191.0,3.1833970000000003,461.0691306374546,100.72917326184856,560.2649339111863,634.1087852799175,143.9313456835639,-235.13495441070316,0
192.0,3.200064,438.1436116058616,83.38774783233585,532.8912330380724,626.024942676496,90.82743446591232,-231.61817900581264,0
193.0,3.216731,408.69064930179405,78.92639868245953,470.1988899344296,602.2668259991918,55.98467738241972,-218.47771118351045,0
194.0,3.233398,376.5918928108249,83.86600572201333,381.9328914721594,568.3591821473469,37.767741753533286,-192.53258388398584,0
195.0,3.250065,342.34010859871955,92.83369176818644,283.18202388067704,529.1622811164146,32.18390742949329,-156.21580999261784,0
196.0,3.266732,306.0233490079985,99.78898866301914,188.8872936371652,486.6411898423726,35.113841042047696,-115.5566900353499,0
197.0,3.283399,269.8873237156393,101.48072752171451,109.89599411988878,439.9005609604591,43.58411303493489,-76.4692951403274,0
198.0,3.300066,236.63023722779505,99.30648979548812,50.74984003320054,388.68665105877847,55.20425867146762,-41.87929117277709,0
199.0,3.316733,207.4868695809306,96.81938070897658,9.985864257165524,336.1537468436032,67.16226343553019,-11.027656531072642,0
200.0,3.3334,183.11250431859176,95.30058840495208,-16.947504868229053,287.013876839925,76.4929134380209,19.29238073927093,0
201.0,3.350067,163.60316191279196,91.96544685478082,-34.988934198605904,243.5615391150066,81.10375483147246,51.98157613391356,0
202.0,3.366734,145.61918054629257,82.29012667076093,-49.27467515203817,204.51008523534964,80.3904191563818,86.49756756287084,0
203.0,3.383401,122.22528568180132,64.16705121887674,-64.58989728051225,167.09577378769114,75.59923482057465,118.13781262754696,0
204.0,3.400068,88.81951467369446,40.34821032842467,-81.76569575488095,129.06770931017542,69.76018413712414,141.04116288748958,0
205.0,3.416735,48.209961085871065,17.109547397973206,-95.4561206732932,89.07737648649022,65.99108118653719,151.89126560925672,0
206.0,3.433402,7.900452636961377,0.4181303501768525,-98.19235601968111,47.12687517141224,64.86243604580466,150.46505962319412,0
207.0,3.450069,-26.5895911925339,-6.9644930103790905,-86.74167520771275,5.66133761672655,63.99265164157752,137.32933898878343,0
208.0,3.466736,-54.617219459715216,-5.633742291095978,-63.434036275517386,-30.692449881756254,61.16777121593163,112.3611673407896,0
209.0,3.4834030000000005,-78.3288076926626,1.9762414196940887,-32.36360514899085,-57.640445066739446,57.61792166488067,76.05242179968218,0
210.0,3.5000700000000005,-99.2906842131054,13.157429105100087,3.869326642095584,-73.94288412451826,57.33538703385008,31.50870769403833,0
211.0,3.5167370000000004,-116.75681536146814,25.897020844315417,43.827415984840215,-82.2618037689334,63.05166950419671,-15.8076095263033,0
212.0,3.5334040000000004,-129.07501565964196,38.81202607951949,84.85149759878689,-88.00370357743464,73.28905495382617,-60.38068892582736,0
213.0,3.5500710000000004,-137.72497734067863,49.85607626139159,121.51230540935356,-96.88423325595014,82.95797912975894,-98.453264478382,0
214.0,3.5667380000000004,-149.59078583506633,55.24283541068825,146.91587054753472,-112.35117547463264,85.9030047444214,-128.27832411731816,0
215.0,3.5834050000000004,-172.8380298872464,50.83911278140853,156.37261186714386,-134.3677900477891,77.29968374115839,-149.7017193626403,0
216.0,3.6000720000000004,-208.33048772309652,35.522570733009665,150.35171681812346,-159.99167237886323,55.52114667308611,-163.6314343579385,0
217.0,3.616739,-245.4142143463281,12.406600722950534,134.17595440810703,-184.9710333088822,22.909975353455238,-171.25461783115026,0
218.0,3.633406,-269.10545948429467,-14.28555517752402,114.57094293647958,-205.6746554163282,-15.5713818833427,-173.22037265097077,0
219.0,3.650073,-273.25647814715,-42.80233540201487,95.15573842191051,-220.5681858796179,-54.9090735037787,-169.14789459227356,0
220.0,3.66674,-265.1158830178375,-73.21049658020725,74.22330091497771,-230.37578388643004,-91.42056236760374,-157.63754557849933,0
221.0,3.683407,-256.4195285969008,-104.03496225117853,47.24813396121401,-237.36885782988185,-122.26659597688771,-137.12245680016375,0
222.0,3.700074,-253.0160350693848,-131.15359967788586,11.855926712867957,-244.60374609390587,-144.76073776692266,-107.33244809159572,0
223.0,3.716741,-254.6372033114764,-150.39147736331424,-30.112341168801887,-254.44778675980425,-157.00153134721145,-70.0787938719804,0
224.0,3.733408,-260.9226418356525,-160.95061223973116,-74.66197757175225,-266.2751828331992,-159.29705651859084,-28.73240590506154,0
225.0,3.750075,-272.47575731822195,-166.10238465020484,-117.60460740401396,-275.9279395472109,-154.47721385309146,12.696195050003958,0
226.0,3.766742,-285.4748170285976,-169.95340258856342,-154.37957082809993,-278.69848209725967,-146.40903410141124,50.352739338145454,0
227.0,3.783409,-289.88778714999506,-173.15097307503527,-180.97380673430644,-273.11520623794524,-138.34729149821632,81.59375106615308,0
228.0,3.800076,-277.43608414687577,-172.43942093684132,-197.28411734246495,-261.6153216902906,-132.3683361577748,105.65199804508768,0
229.0,3.816743,-250.5525349904367,-164.98432015755077,-208.1868220559428,-248.05710461860215,-129.09229192820536,122.8687196684353,0
230.0,3.83341,-219.80943537199283,-152.35379562682144,-219.08879482617223,-235.0783327383761,-127.443611486635,133.58692930836926,0
231.0,3.850077,-192.8549110520489,-139.48815530946635,-230.85399261350224,-223.02003689397856,-125.52814532345714,138.33406272006775,0
232.0,3.866744,-169.37917878393324,-130.27643731650153,-239.96775741528157,-210.17160936516984,-122.31044895126048,138.33443504744727,0
233.0,3.883411,-145.77865904132398,-124.61175313471034,-242.19299745202497,-194.334113877654,-118.31246134976448,134.73129960052518,0
234.0,3.900078,-119.85636698555442,-119.10210485991924,-234.95786566118431,-175.2432022611839,-114.8694189129276,127.47806428404976,0
235.0,3.916745,-90.75699905935188,-109.87777653557318,-217.84723674784797,-155.2454012291822,-112.88888357655892,115.79577619053278,0
236.0,3.933412,-59.059209194754175,-94.51387115255103,-192.6739418227833,-136.5102861639348,-111.5594790446738,99.7875759385893,0
237.0,3.950079,-29.16672886637016,-71.5089657993046,-163.39794525599484,-117.72947920095056,-107.33676206315012,81.16417167930985,0
238.0,3.966746,-8.52429819891836,-39.27849295236388,-135.4537688524028,-94.9696273398046,-94.63801711658522,62.28433658556072,0
239.0,3.983413,-0.7475846752753537,2.1246636465697097,-113.75295860365893,-66.5203263830774,-69.34656225001433,44.75713807083574,0
240.0,4.0000800000000005,0.2494193719612454,47.57096907802274,-99.92380714121876,-35.97617816485787,-33.18359499217095,29.07094300487322,0
241.0,4.0167470000000005,6.151714772114298,86.84270233570813,-91.87483153731252,-9.548242058247812,5.583709616492748,15.140554673504129,0
242.0,4.0334140000000005,22.863658582568693,110.45372843279898,-86.68245355057702,8.89005046938211,37.39980718410806,2.7523195232564754,0
243.0,4.0500810000000005,45.05702758273923,116.66906065322084,-82.80815665011414,19.14644583445992,58.44520931008058,-8.20363136082004,0
244.0,4.0667480000000005,62.88381796369536,112.55167195376444,-79.19425881647516,22.62461647492171,72.21558324581669,-17.314677360187282,0
245.0,4.0834150000000005,71.76272158662258,107.7070379257415,-74.16236427087475,21.168229231153944,84.45903911663129,-23.81328161153212,0
246.0,4.100082,74.36958899676489,106.65550253297052,-66.46485948595125,17.718090325830218,97.77936130884234,-28.00365762794103,0
247.0,4.116749,75.26333183889109,106.27759248983388,-56.701548774835,16.197052145048584,110.8171034733222,-32.10576137445467,0
248.0,4.133416,76.06008836360647,99.8612444414974,-46.32608465503844,19.85244112030359,120.33624997522764,-38.373109239710125,0
249.0,4.150083,76.99064965104702,83.97411129647783,-33.707487825775864,29.90048781162881,122.95299851736726,-46.38574068671382,0
250.0,4.16675,82.26688778762485,61.52618031304692,-11.46639569396013,45.98635239996389,116.2439847254654,-53.68273696818927,0
251.0,4.183417,99.77110050868312,37.9363411195484,28.69759246770905,67.87827322602033,99.87463117436668,-59.552079883549936,0
252.0,4.200084,132.40420476038094,15.59698860277952,86.22734166573572,96.11045330399402,75.89082553405714,-66.71518156491764,0
253.0,4.216751,172.21176337324027,-6.550824830658841,148.75774335673017,130.2235303199256,47.53261065172166,-77.91146395283066,0
254.0,4.233418,206.2647034257316,-29.404736278858472,200.60757576269245,166.72658295018536,17.77274763890099,-91.22668802088434,0
255.0,4.250085,227.4522574410612,-51.74885297167282,233.21184884177345,199.98462960015905,-11.072703919005669,-100.01114715947608,0
256.0,4.266752,238.2744262363296,-71.05625716830437,247.6426864103452,225.54907014855183,-36.842553982604194,-97.94192479029684,0
257.0,4.283419,245.7430275448602,-84.35443512142297,249.8453466927552,242.4043623150495,-57.10849188072214,-83.92288841963651,0
258.0,4.300086,254.6082704049569,-88.79975426423007,244.6960496176905,252.22740272574816,-69.48083264709156,-61.96814202335544,0
259.0,4.316753,265.2974746537589,-83.2109091487248,233.18333703934215,256.9948063805271,-72.62479324608074,-36.97792868255658,0
260.0,4.33342,276.1845961840256,-69.48897403240392,213.95834131487533,257.43453669432495,-67.34404261040373,-11.229984249714825,0
261.0,4.350087,285.74666477648896,-51.95870768804632,187.19220003221125,253.4492878397349,-56.92220150897693,15.45644521985604,0
262.0,4.366754,292.6164365997617,-35.15422434988808,156.25716309191674,245.3825563840453,-46.08900708451303,43.17479923364338,0
263.0,4.383421,295.3408301389968,-21.777659073951,125.34553567937084,234.3522430734323,-38.39478958754079,70.16075370006189,0
264.0,4.400088,293.0479592386953,-11.30617572729944,96.36517421454444,221.50584703913304,-33.476251659127534,93.50899927224188,0
265.0,4.416755,285.8876912927444,0.1561020546665457,68.90586718197518,207.50218776689147,-27.606239059965944,111.38144248986868,0
266.0,4.433422,274.4610249910012,16.976958293389973,42.50415902637801,192.7247567277214,-18.90534879416296,124.3140873606459,0
267.0,4.450089,259.148245577881,38.6775943217637,17.806098262538235,177.3833252452841,-12.674785127378422,134.21636875648238,0
268.0,4.466756,240.2873173479619,57.46593452892334,-4.365014573874531,161.25888296994384,-19.94673787489661,142.24526818025487,0
269.0,4.483423,218.87709083548648,62.834548351166376,-23.866281390908792,144.09811828609008,-48.537959682214286,148.34477865346653,0
270.0,4.50009,197.07357392623263,49.824605010282745,-40.40504913404245,126.90177156473862,-94.24795741842637,153.10992590148317,0
271.0,4.516757,178.12414633919673,23.118630348265988,-52.43956206860224,112.51577796894418,-140.45217920889846,158.94266421831998,0
272.0,4.533424,165.34103924409152,-6.333284518093244,-58.02352127108767,104.29258540454576,-166.8546296930615,168.23240668811542,0
273.0,4.550091,159.9613696418335,-28.46232690283205,-57.2458630294803,103.87046092806618,-160.98643427818524,181.0414681480813,0
274.0,4.566758,159.3613478238383,-39.32341983743631,-53.81981589410808,109.63761222034844,-124.79690523704652,195.7288580084644,0
275.0,4.583425,157.88924565465334,-41.23791453573647,-54.19577719176939,116.31205117168643,-72.3767449020024,211.48488783380503,0
276.0,4.600092,150.13940524737626,-38.342153800232765,-64.50091097188901,116.00754240149467,-20.802709612672533,229.0399414120897,0
277.0,4.616759,134.12203291291684,-31.15132540743964,-86.70627216571756,101.17749418979786,19.274793794745115,248.30363454193045,0
278.0,4.633426,112.36893860205387,-14.724942912402366,-116.38610274712276,68.67082545528999,47.352717627535824,265.3109589886404,0
279.0,4.650093,89.85787117532871,17.32915324069335,-144.90844232630343,22.956095529484507,70.00094342475113,272.048565081794,0
280.0,4.66676,68.90282735518237,65.66720476392425,-165.72187811541875,-24.524491297591844,93.92800915074068,260.82767086494783,0
281.0,4.683427,45.7425683008544,121.2576758724503,-178.78173217783947,-62.03126820446069,120.09560405782892,229.999094771582,0
282.0,4.700094,14.450778004832184,169.12558627503694,-187.86852350954905,-85.99550669413118,143.4859915037283,185.0501611103521,0
283.0,4.716761,-25.676930768933204,196.98240754885356,-194.50808164771615,-102.10390455002218,158.1470205137935,134.32447932702112,0
284.0,4.733428,-69.01039377744775,201.1453628419617,-196.17058755825548,-117.45543031868162,161.6429365344565,85.1178709346672,0
285.0,4.750095,-109.29152824775022,185.7577850113994,-189.3107945687335,-133.50990536805236,155.32918563577135,43.21101744071071,0
286.0,4.766762,-144.07447801185194,158.1902945493354,-172.28911150184388,-147.14141223600222,142.9109126242697,12.493232406904088,0
287.0,4.783429,-174.36196348876592,125.29475786728452,-146.0622387691156,-156.16413018963505,129.25251731569062,-7.388535516761578,0
288.0,4.800096,-202.06163895594477,92.09444691245584,-113.5409980450437,-162.00214909471552,118.05363811599588,-21.890945069387573,0
289.0,4.816763000000001,-227.62006069080812,61.82602287592322,-78.16530033046791,-167.16930056662122,109.2056834016508,-37.916789551100734,0
290.0,4.833430000000001,-249.13859225323492,35.94865214284673,-42.51760464814622,-171.47393919389265,99.38605837406324,-58.54521201659482,0
291.0,4.850097000000001,-263.8711881080825,13.723724462453594,-8.10707625102623,-172.04309123545698,85.77101243082458,-81.78896290027902,0
292.0,4.866764000000001,-270.6024792686658,-7.744990015856453,24.190104377806847,-166.8163423974155,68.44585791549173,-104.5150019208978,0
293.0,4.883431000000001,-270.2758491230842,-31.966966819161826,54.29541811203893,-156.47155769090244,49.256636425783455,-126.3989345434281,0
294.0,4.900098000000001,-264.9794852800828,-60.466989536862165,83.36199388905298,-142.65763839694895,29.63867701002731,-149.21746163147708,0
295.0,4.916765000000001,-256.8805366338261,-91.14098484084624,113.22784205090426,-125.76221680027903,10.445358040284232,-173.58427165477443,0
296.0,4.933432000000001,-247.21976505305733,-119.54205453537348,144.7935578491202,-105.389409478688,-6.97524678622344,-198.3109374695204,0
297.0,4.950099000000001,-236.01168980151544,-142.37939212198765,176.75204390920322,-82.71082463411473,-21.3443717754728,-222.58389517211648,0
298.0,4.966766000000001,-224.03472527449267,-159.29531053506196,206.17877127416693,-61.54210878935718,-33.59152812152455,-246.69272820535463,0
299.0,4.983433000000001,-214.6727944924404,-170.88359528509122,230.42523095199277,-46.43387691022448,-47.17060094911884,-270.06019778613984,0
300.0,5.000100000000001,-211.0655498048953,-176.48526454872768,248.06059187055115,-39.51009533653814,-65.35471999351277,-290.05015868778617,0
301.0,5.016767000000001,-211.5344033773065,-175.07825466324596,258.3111874190211,-39.44832905936826,-88.55070825587168,-303.8488185231262,0
302.0,5.033434000000001,-211.06133645300025,-166.90241937736354,260.64458188010803,-43.40612719402668,-114.18219873624255,-311.05036788251607,0
303.0,5.050101000000001,-207.5771246001853,-152.80807023488217,254.95266770938505,-49.15803446751183,-138.11190144856488,-313.5585005988738,0
304.0,5.066768000000001,-203.59920796959284,-132.87803010758245,241.3342344808585,-55.43109663650296,-155.68517340336493,-313.06404270910826,0
305.0,5.083435000000001,-201.1825252742936,-106.89186788702848,219.9540179184889,-61.65256402638755,-162.53793281492935,-309.2517853666537,0
306.0,5.100102000000001,-198.4665428273419,-76.21184711011757,191.98967416245037,-68.30265724726377,-156.10836436441514,-300.5528905254251,0
307.0,5.116769000000001,-192.7317060649416,-44.93714158699235,160.15669717033222,-76.62896034860805,-137.08006272070963,-286.1775086027281,0
308.0,5.1334360000000006,-185.15932385569232,-18.61728278728319,127.11976601109576,-86.90918867696938,-108.95903555846944,-267.0837450622848,0
309.0,5.1501030000000005,-180.5849780512112,-0.7484174013518157,94.13297502759184,-97.25980572458482,-75.78064456580138,-245.09685128540357,0
310.0,5.1667700000000005,-181.4233197843216,9.982522710134091,62.72232237293538,-104.99563293109338,-40.40998880465728,-221.6450290805982,0
311.0,5.1834370000000005,-182.18796297309476,18.53483901485736,36.34789330314359,-109.18922090376378,-5.374686916259391,-197.79911814180943,0
312.0,5.2001040000000005,-173.1098859632675,29.026639473172988,17.450893919800134,-111.39892572330916,25.303991991611383,-174.99555657142037,0
313.0,5.2167710000000005,-151.0896336242588,41.13275178550979,3.3104688160342466,-113.90994578132512,46.39881339715045,-154.3269845645294,0
314.0,5.2334380000000005,-124.01283313104548,50.77531452292314,-11.84200017565115,-117.69851391441732,54.15739580600292,-134.4364988679505,0
315.0,5.2501050000000005,-102.1866853093457,54.15465282536549,-30.29799443246397,-121.81913496806814,48.824008966453874,-111.13057427450924,0
316.0,5.2667720000000005,-88.72033758983675,51.125858224647104,-49.09059251120888,-123.86043425309391,35.43641702305844,-80.74333068336385,0
317.0,5.283439,-79.75972050107397,45.326647507472856,-64.48174435204496,-121.06864143576794,22.92330105751897,-44.395477462612746,0
318.0,5.300106,-70.11365875786663,41.53380302699627,-75.54990133491776,-111.67633139697324,20.69014122230579,-7.888263110844552,0
319.0,5.316773,-55.9332497048547,42.10508339205298,-83.32999530022065,-94.5349062407286,32.808412922008266,23.745766292524493,0
320.0,5.33344,-34.45224132217372,45.195138759194165,-88.67860949057635,-67.17140029318854,54.6930241722899,51.32496444669262,0
321.0,5.350107,-4.815453300421246,46.9753186586869,-91.65355897588177,-26.98746505385964,77.06812153628013,80.07982559155333,0
322.0,5.366774,30.04438510391496,45.62170604897135,-91.98916805089604,23.19639685431013,93.20597819919442,113.10222241346258,0
323.0,5.383441,63.89100592809178,41.83818145598558,-89.70161241899771,73.26125607588622,100.97823680443692,147.3560329976794,0
324.0,5.400108,91.05773783262772,35.82474223225168,-85.44039692389221,112.46957731153437,99.54007730807962,176.3053784871045,0
325.0,5.416775,110.38758863282436,26.59306287181748,-80.17359368138804,136.8015492417866,88.19222390970788,194.98978776835315,0
326.0,5.433442,125.42180529071132,15.57177654941545,-74.33925874630602,148.5942055621348,69.52610454461558,202.2488948705986,0
327.0,5.450109,140.9090794743614,8.127947887037504,-67.626086228559,151.2636313993142,49.866877161338856,200.5263453123168,0
328.0,5.466776,158.8884999951909,8.492050682905834,-59.99195587832757,145.9390542509538,33.22293431383508,195.47173848244643,0
329.0,5.483443,177.28838975666076,14.340273738757364,-52.49506305966258,132.20055569877977,16.399990757633034,193.84018261319412,0
330.0,5.50011,191.84681236299025,19.36991849911413,-46.34247852491551,111.16592510659584,-6.541185640652493,198.78375825206143,0
331.0,5.516777,199.75016150952973,20.785278510952505,-41.24409780862032,87.60205033982015,-35.46341515704385,207.38210943452788,0
332.0,5.533444,201.8996335302741,21.46303793878472,-35.43808989105733,68.41405384915961,-62.49068298568692,214.23599066211625,0
333.0,5.550111,202.02954735018747,24.76493766250757,-27.38038084972323,58.96044430638753,-78.88905255742675,216.09084301846943,0
334.0,5.566778,204.00100660204916,30.01247561141406,-16.829544164062835,61.21464881694014,-81.26460197409492,211.42280558808076,0
335.0,5.583445,209.49444730847972,33.9341918650872,-4.281195205333235,74.44330110678021,-71.25188105608474,198.3152233850817,0
336.0,5.600112,217.13836202804532,34.54850616484101,9.761295521699626,95.8191090483786,-52.17958249712909,176.27254302927992,0
337.0,5.616779,223.5139402850456,32.44831440865367,24.41160151653944,120.4051183801272,-27.79388410102713,149.0563377633713,0
338.0,5.633446,225.6236772503819,29.469444014022635,37.94428597524087,142.20252114258938,-2.695834387377868,122.9083084211168,0
339.0,5.650113,222.74416890486836,27.17523221814745,48.45525153469424,156.39812247042747,18.5901054717398,101.97803656636978,0
340.0,5.66678,215.60123925119285,26.108386901878003,54.603522730160016,161.12239547152416,33.89684843182847,86.33936126062615,0
341.0,5.683447,203.93882817781773,25.873262032459085,55.36305922088918,157.5719176280497,44.22142724527662,73.39241213776646,0
342.0,5.700114,186.35449013605043,26.121156834016347,50.176164692879695,148.7025813081507,52.09484753791814,60.08846147479031,0
343.0,5.716781,163.3025642191678,27.296680705788795,40.18080755147686,137.69190369841056,59.397917710847686,44.37806921130268,0
344.0,5.733448,138.79968915080283,29.692529549274468,28.304492184922825,127.2427046641277,66.26315081244029,25.636124954732708,0
345.0,5.750115,117.75662422938188,31.994745919826883,17.4270119789226,119.17212888439173,71.2084854241518,4.603722047183396,0
346.0,5.766782,101.99942317263628,31.90175098706655,8.84023101236473,113.1883171480322,72.27243419485949,-16.603433415008112,0
347.0,5.783449,89.47960863820983,28.48069617107975,2.2099424873313023,106.15042215376052,68.55268772380462,-35.12057041783332,0
348.0,5.800116,77.05708422718443,23.39344078055543,-3.736073693243693,94.26152773558408,60.94132508172385,-49.034127366302606,0
349.0,5.816783,63.46428480904049,19.676555017765278,-10.306690785907774,76.76323854321777,51.46115516217549,-58.512685590469424,0
350.0,5.83345,49.47167982083632,19.197576222489,-18.011527600423417,56.33625891021019,41.86992619861212,-64.993560138258,0
351.0,5.850117,36.19008364562486,20.726000434751622,-26.360873397630563,35.335040830960395,32.64605721872326,-69.58955724311885,0
352.0,5.866784000000001,24.26697217680829,20.54339216865145,-34.29326927714733,13.040466137093915,23.22566788047872,-72.33866589524216,0
353.0,5.883451000000001,13.933524148173472,15.755164854056126,-40.802600735098224,-12.20452907705533,13.459980585874144,-72.70535776604775,0
354.0,5.900118000000001,4.457316809789637,6.987298074486218,-45.69446833292306,-38.90938048689012,4.619169371615588,-71.544959460837,0
355.0,5.916785000000001,-6.083481967764491,-2.80020472849566,-50.0495772873189,-61.86927504405647,-1.6919521539902562,-73.25930762326003,0
356.0,5.933452000000001,-19.40309773784612,-11.514516517936237,-55.50992670341428,-76.0622243517289,-5.51981843098083,-84.19677179112426,0
357.0,5.950119000000001,-35.17056575398752,-18.952572123222808,-62.70186061705636,-80.94246071014754,-8.869354649887802,-106.29129359880696,0
358.0,5.966786000000001,-50.557736401380254,-25.53467732684912,-70.47449671345636,-81.29457870117317,-14.047569358305315,-132.77938639209037,0
359.0,5.983453000000001,-61.67450223587336,-31.53347445437969,-76.81404973989675,-84.3160356929989,-21.82775929338088,-152.80989072081866,0
360.0,6.000120000000001,-66.21110067179912,-37.2361930211304,-80.41924716506071,-94.92305423859182,-30.842453555488365,-160.69441171653568,0
361.0,6.016787000000001,-65.1530926168914,-42.57305291990223,-81.5137383512345,-112.20019365533724,-38.58021607877342,-159.3499250175002,0
362.0,6.033454000000001,-61.48086433469408,-46.437609763750935,-81.34743201532017,-129.96382214760027,-43.22795707514199,-155.42742990856206,0
363.0,6.050121000000001,-57.3757780059898,-47.17010868253059,-80.86647759984666,-141.42622654082612,-44.79398620146802,-153.0484427360546,0
364.0,6.066788000000001,-53.6786217864212,-43.97785530130525,-79.97769265329502,-143.384850300857,-44.92990068046621,-151.86324813325868,0
365.0,6.083455000000001,-51.67206689745648,-37.530708083177984,-78.26741771408808,-136.18479297157188,-46.19341050322601,-148.7511664092852,0
366.0,6.100122000000001,-53.15903537420164,-29.362068571468757,-75.84744673279076,-121.8337830425206,-51.02946069462983,-140.3094517563598,0
367.0,6.116789000000001,-57.52948993384501,-21.44830495229823,-72.91096120270078,-103.9483413718098,-60.268440911451975,-125.34120431433108,0
368.0,6.133456000000001,-60.35464476920016,-16.164356377596356,-69.05491614658419,-88.04086907421008,-72.0926895627553,-107.03284501887134,0
369.0,6.150123000000001,-56.76997528716583,-15.244752753870165,-63.67915203672878,-79.45625257974368,-82.9957350862135,-91.97323455481668,0
370.0,6.166790000000001,-45.92098427362123,-17.98058487389479,-56.68987338228382,-80.46673489421512,-90.3221135460126,-84.6749825410941,0
371.0,6.183457000000001,-31.45034398726177,-21.14156383980233,-48.715491003919816,-88.93619596964132,-93.78890197303984,-83.40639135087216,0
372.0,6.200124000000001,-18.32962264439279,-21.71106728616936,-41.28188035676559,-98.98026154348548,-94.53508660508125,-83.16493709594275,0
373.0,6.216791000000001,-9.43000916834804,-19.53332296577148,-36.59674235420231,-104.23378466352472,-93.39298491550252,-80.88538417081759,0
374.0,6.233458000000001,-4.113219710269498,-16.143704858406746,-36.06293533197488,-102.68975348851843,-90.2002594450256,-75.19309403424104,0